parameter,tier,multiplier,value,n_branches,branch,D_star,N_star,A_star,ASC_star,nonuniform_max_re_lambda,uniform_re_lambda,dominant_lambda_graph,oscillatory
lam_D,tier1,0.5,2.5,1,0,13.50491970635508,0.01871102277372547,0.9096870966585971,0.3462453252836405,-0.03364926609524407,-0.1000000000000011,-3.0,False
lam_D,tier1,0.5946035575013605,2.9730177875068025,1,0,16.350288633777094,0.015459859686330098,0.9099834051931446,0.34591889880361976,-0.033233443577906065,-0.09999999999997779,-3.0,False
lam_D,tier1,0.7071067811865476,3.5355339059327378,1,0,19.73484805621372,0.012811864840975247,0.9102247414322149,0.34565332992196957,-0.03288770341495357,-0.10000000000000879,-3.0,False
lam_D,tier1,0.8408964152537145,4.204482076268572,1,0,23.760457536338073,0.010643528230179845,0.9104223619840849,0.34543606501663887,-0.032599737350292056,-0.10000000000000873,-3.0,False
lam_D,tier1,1.0,5.0,1,0,28.548283450528967,0.008860086156202866,0.9105849035401942,0.3452575001267988,-0.03235953748503029,-0.09999999999997704,-3.0,False
lam_D,tier1,1.189207115002721,5.946035575013605,1,0,34.242443537163744,0.007387835009007081,0.9107190833915841,0.3451101839023229,-0.032158929220765936,-0.10000000000003977,-3.0,False
lam_D,tier1,1.414213562373095,7.071067811865475,1,0,41.01434339745506,0.0061687781495550825,0.9108301873078887,0.34498826506540536,-0.03199120830005465,-0.1000000000000396,-3.0,False
lam_D,tier1,1.681792830507429,8.408964152537145,1,0,49.0678351183801,0.005156820225322609,0.9109224163845276,0.34488710119589994,-0.03185085668381176,-0.09999999999997682,-3.0,False
lam_D,tier1,2.0,10.0,1,0,58.645353077928874,0.004315010532085929,0.91099913828062,0.3448029763788547,-0.03173331846861379,-0.10000000000000796,-3.0,False
lam_D,tier2,0.1,0.5,1,0,1.5560340052022636,0.16009389646504188,0.8968015689297684,0.36083936013881773,-0.04576927496058432,-0.09999999999999999,-3.0,False
lam_D,tier2,0.1778279410038923,0.8891397050194615,1,0,3.8387778763217195,0.06551717820762082,0.9054212192013308,0.3509898226497151,-0.038744370190884156,-0.09999999999999942,-3.0,False
lam_D,tier2,0.31622776601683794,1.5811388300841898,1,0,7.9820832060256555,0.031616325855730404,0.9085109171371992,0.34754504152748633,-0.03521138590435209,-0.10000000000000624,-3.0,False
lam_D,tier2,0.5623413251903491,2.8117066259517456,1,0,15.379853720124315,0.0164337397167726,0.9098946465068257,0.3460166369752511,-0.033358992824186036,-0.09999999999997743,-3.0,False
lam_D,tier2,1.0,5.0,1,0,28.548283450528967,0.008860086156202866,0.9105849035401942,0.3452575001267988,-0.03235953748503029,-0.09999999999997704,-3.0,False
lam_D,tier2,1.7782794100389228,8.891397050194614,1,0,51.97190163822745,0.004868809644868453,0.9109486654500879,0.3448583163249138,-0.03181072361107221,-0.09999999999997654,-3.0,False
lam_D,tier2,3.1622776601683795,15.811388300841898,1,0,93.6290250690723,0.002703180149903372,0.9111460392774772,0.3446419758240881,-0.03150625263970164,-0.10000000000003297,-3.0,False
lam_D,tier2,5.623413251903491,28.117066259517458,1,0,167.708859175829,0.0015093200655671487,0.9112548467788344,0.34452278843730394,-0.031336342012996954,-0.09999999999994234,-3.0,False
lam_D,tier2,10.0,50.0,1,0,299.4445088520748,0.000845375846136895,0.9113153581507318,0.34445652783119823,-0.03124120604558952,-0.0999999999995703,-3.0,False
lam_N,tier1,0.5,0.5,1,0,49.05497393540559,0.0025790857688985135,0.4554611466134675,2.2225318765813515,-0.09578147939097889,-0.10000000000000211,-3.0,False
lam_N,tier1,0.5946035575013605,0.5946035575013605,1,0,48.58527059567753,0.0030967029064705464,0.5416349351793844,1.4524048859748913,-0.09104488686390748,-0.10000000000003365,-3.0,False
lam_N,tier1,0.7071067811865476,0.7071067811865476,1,0,47.14910818767259,0.003794733615478135,0.6441059008025315,0.9176751318072949,-0.08110005482323214,-0.10000000000010205,-3.0,False
lam_N,tier1,0.8408964152537145,0.8408964152537145,1,0,42.16171962753181,0.005046222446124794,0.765926697426017,0.5668385870658514,-0.06172584818907273,-0.10000000000000822,-3.0,False
lam_N,tier1,1.0,1.0,1,0,28.548283450528967,0.008860086156202866,0.9105849035401942,0.3452575001267988,-0.03235953748503029,-0.09999999999997704,-3.0,False
lam_N,tier1,1.189207115002721,1.189207115002721,1,0,10.69698972464954,0.028078389792450992,1.0812752895403832,0.20911108382567314,-0.00725840273499487,-0.10000000000001039,-3.0,False
lam_N,tier1,1.414213562373095,1.414213562373095,1,0,1.5313237485353626,0.23000096553761876,1.2679413865695188,0.13072287024938495,0.004692083755048976,-0.0999999999999985,-3.0,False
lam_N,tier1,1.681792830507429,1.681792830507429,1,0,0.16598846018318106,2.225611061169858,1.3299327108368597,0.11347971126321563,0.044325259702528666,-0.10000000000000034,-3.0,False
lam_N,tier1,2.0,2.0,1,0,0.06935746113696165,5.348137384199315,1.335359630807151,0.11211722608728322,0.10306671935147543,-0.10000000000000016,-3.0,False
lam_N,tier2,0.1,0.1,1,0,49.834060049700646,0.0005077571656649648,0.09109296390388877,9.727667512448024,-0.09997298885482025,-0.09999999999997082,-3.0,False
lam_N,tier2,0.1778279410038923,0.1778279410038923,1,0,49.705427560799095,0.0009052696233556685,0.16198852925306434,8.639827217527976,-0.09989926476959253,-0.10000000000000189,-3.0,False
lam_N,tier2,0.31622776601683794,0.31622776601683794,1,0,49.47084674193736,0.0016174518813326427,0.2880601708818574,5.304221922609794,-0.09936752954913292,-0.09999999999993943,-3.0,False
lam_N,tier2,0.5623413251903491,0.5623413251903491,1,0,48.788322451628176,0.0029164982500801662,0.5122478053962601,1.6727307862942684,-0.0929738346698181,-0.0999999999999713,-3.0,False
lam_N,tier2,1.0,1.0,1,0,28.548283450528967,0.008860086156202866,0.9105849035401942,0.3452575001267988,-0.03235953748503029,-0.09999999999997704,-3.0,False
lam_N,tier2,1.7782794100389228,1.7782794100389228,1,0,0.11712356167356826,3.160609829389174,1.3326547690025365,0.11279358279878626,0.06392639201296348,-0.09999999999999983,-3.0,False
lam_N,tier2,3.1622776601683795,3.1622776601683795,1,0,0.021940391620226086,16.940965559282866,1.3380891076618566,0.11144015411429045,0.18400268693968122,-0.10000000000000002,-3.0,False
lam_N,tier2,5.623413251903491,5.623413251903491,1,0,0.008951978932637017,41.54403140826334,1.3388446581969025,0.11125369122352478,0.21630256268060435,-0.10000000000000031,-3.0,False
lam_N,tier2,10.0,10.0,1,0,0.004360438108162844,85.30695922252607,1.3391125771874954,0.11118767064359619,0.22880242412261553,-0.09999999999999998,-3.0,False
lam_ASC,tier1,0.5,0.5,1,0,6.5383078450427785,0.03857084826343924,0.9078770872468764,0.17412404666584091,-0.0024629960586613235,-0.0999999999999992,-3.0,False
lam_ASC,tier1,0.5946035575013605,0.5946035575013605,1,0,10.612083350908467,0.023799477462982783,0.9092233387628674,0.20618296448813195,-0.007240139669366846,-0.10000000000000245,-3.0,False
lam_ASC,tier1,0.7071067811865476,0.7071067811865476,1,0,15.93598824481728,0.015861144293165524,0.9099468324188508,0.24463007312007323,-0.013862883593433534,-0.09999999999999452,-3.0,False
lam_ASC,tier1,0.8408964152537145,0.8408964152537145,1,0,22.155791483371615,0.011413521707638598,0.9103521853633545,0.29054080879768496,-0.022379990616787273,-0.0999999999999773,-3.0,False
lam_ASC,tier1,1.0,1.0,1,0,28.548283450528967,0.008860086156202866,0.9105849035401942,0.3452575001267988,-0.03235953748503029,-0.09999999999997704,-3.0,False
lam_ASC,tier1,1.189207115002721,1.189207115002721,1,0,34.311548121002154,0.007372966637548469,0.9107204384836665,0.4104057174043269,-0.04297329115549765,-0.1000000000000075,-3.0,False
lam_ASC,tier1,1.414213562373095,1.414213562373095,1,0,38.92595405057266,0.006499519878851475,0.9108000437578768,0.4879338544191212,-0.05330524562796385,-0.10000000000007069,-3.0,False
lam_ASC,tier1,1.681792830507429,1.681792830507429,1,0,42.28202972609793,0.005983938483737416,0.9108470334546467,0.5801677095222904,-0.06266103144992541,-0.10000000000007019,-3.0,False
lam_ASC,tier1,2.0,2.0,1,0,44.556138934181604,0.005678696551022196,0.9108748529725651,0.6898785350274297,-0.07068754759102033,-0.1000000000000082,-3.0,False
lam_ASC,tier2,0.1,0.1,1,0,0.06406170019008127,2.8325104098689637,0.6532395575815628,0.08830696764170713,0.09260768290365733,-0.09999999999999995,-3.0,False
lam_ASC,tier2,0.1778279410038923,0.1778279410038923,1,0,0.15130235148031657,1.433395236945908,0.7807538518226513,0.09546778808556078,0.043443293448598076,-0.1,-3.0,False
lam_ASC,tier2,0.31622776601683794,0.31622776601683794,1,0,1.130277718502341,0.21907739119367622,0.8914258580177915,0.11610800643338054,0.00581281980423749,-0.10000000000000095,-3.0,False
lam_ASC,tier2,0.5623413251903491,0.5623413251903491,1,0,9.158943005569835,0.027565048442906984,0.9088801474836844,0.1952091112618474,-0.005514772270564358,-0.10000000000000209,-3.0,False
lam_ASC,tier2,1.0,1.0,1,0,28.548283450528967,0.008860086156202866,0.9105849035401942,0.3452575001267988,-0.03235953748503029,-0.09999999999997704,-3.0,False
lam_ASC,tier2,1.7782794100389228,1.7782794100389228,1,0,43.119463957139324,0.0058677910639385105,0.9108576190422739,0.6134320142226077,-0.06539801102024952,-0.10000000000007049,-3.0,False
lam_ASC,tier2,3.1622776601683795,3.1622776601683795,1,0,47.3360452365099,0.005345381718695109,0.9109052310332328,1.0906883756482755,-0.08549599191126507,-0.10000000000000185,-3.0,False
lam_ASC,tier2,5.623413251903491,5.623413251903491,1,0,48.17093658563936,0.005252785040050919,0.9109136702241979,1.9394966338565147,-0.09467103523652975,-0.09999999999997068,-3.0,False
lam_ASC,tier2,10.0,10.0,1,0,48.32240786247475,0.005236328297397797,0.9109151700792245,3.4489504808868223,-0.09838702271244776,-0.09999999999997057,-3.0,False
Kd,tier1,0.5,0.15,1,0,0.45656945698939366,0.5253620209629865,0.8635113094818544,0.052143383009132266,0.01705926985345604,-0.10000000000000077,-3.0,False
Kd,tier1,0.5946035575013605,0.17838106725040814,1,0,2.110709834181559,0.11852127390085655,0.9005904661761245,0.07710853988293705,0.004984154314943883,-0.09999999999999565,-3.0,False
Kd,tier1,0.7071067811865476,0.21213203435596426,1,0,6.999767886522933,0.036037226690726655,0.9081079995927439,0.12586509926330772,-0.0018141071659487122,-0.0999999999999989,-3.0,False
Kd,tier1,0.8408964152537145,0.25226892457611433,1,0,16.41716040915778,0.015396984228280694,0.9099891356146377,0.20860617711530843,-0.013873012379933816,-0.09999999999998553,-3.0,False
Kd,tier1,1.0,0.3,1,0,28.548283450528967,0.008860086156202866,0.9105849035401942,0.3452575001267988,-0.03235953748503029,-0.09999999999997704,-3.0,False
Kd,tier1,1.189207115002721,0.3567621345008163,1,0,38.38127722462629,0.006591695141444789,0.9107916429744506,0.5669334084574701,-0.05253065482933376,-0.10000000000007106,-3.0,False
Kd,tier1,1.414213562373095,0.42426406871192845,1,0,43.86011182114787,0.005768761224413042,0.9108666445466357,0.9177757577279164,-0.0690200841399232,-0.10000000000000772,-3.0,False
Kd,tier1,1.681792830507429,0.5045378491522287,1,0,46.34404598525256,0.00545973771620479,0.9108948087144725,1.4524986902304038,-0.0803614526007882,-0.10000000000000862,-3.0,False
Kd,tier1,2.0,0.6,1,0,47.390671622266204,0.005339223482151016,0.9109057922902343,2.222625815432932,-0.08753336891815475,-0.09999999999993957,-3.0,False
Kd,tier2,0.1,0.03,1,0,0.014918230783168078,6.292196587496477,0.3379263869623464,0.006991875553093113,0.20448279521432067,-0.09999999999999996,-3.0,False
Kd,tier2,0.1778279410038923,0.05334838230116769,1,0,0.02775278379453599,4.770457602023656,0.4766165223472111,0.014003863773160692,0.17368932361772715,-0.09999999999999974,-3.0,False
Kd,tier2,0.31622776601683794,0.09486832980505137,1,0,0.07056087588701618,2.640504828216777,0.6707388004663191,0.028214761995088128,0.10390929542620526,-0.10000000000000019,-3.0,False
Kd,tier2,0.5623413251903491,0.16870239755710473,1,0,1.3019166192992158,0.19074611816988052,0.8940079487237577,0.066746903819535,0.007289479015524505,-0.09999999999999935,-3.0,False
Kd,tier2,1.0,0.3,1,0,28.548283450528967,0.008860086156202866,0.9105849035401942,0.3452575001267988,-0.03235953748503029,-0.09999999999997704,-3.0,False
Kd,tier2,1.7782794100389228,0.5334838230116768,1,0,46.78452135607825,0.0054083621904442245,0.9108994910408709,1.672823612127278,-0.08305666854306262,-0.09999999999997085,-3.0,False
Kd,tier2,3.1622776601683795,0.9486832980505138,1,0,48.0708741222527,0.005263713277909786,0.9109126742328993,5.3043332278399085,-0.09556641817003378,-0.1000000000000019,-3.0,False
Kd,tier2,5.623413251903491,1.6870239755710472,1,0,47.98582081054521,0.005273038119433832,0.910911824373925,8.639891530998531,-0.09773360157037919,-0.10000000000000175,-3.0,False
Kd,tier2,10.0,3.0,1,0,46.93053366946111,0.005391544531453134,0.9109010237895384,9.727692477334728,-0.09814801877006163,-0.1000000000000334,-3.0,False
d_D,tier1,0.5,0.05,1,0,57.003120593862334,0.004439268723812678,0.9109878134833993,0.34481539221889124,-0.02157395271715848,-0.05008593634947591,-3.0,False
d_D,tier1,0.5946035575013605,0.05946035575013606,1,0,47.94861481027961,0.005277127604123889,0.9109114516613963,0.3448991261037746,-0.024237895607578913,-0.059582839673459065,-3.0,False
d_D,tier1,0.7071067811865476,0.07071067811865477,1,0,40.334699328211684,0.006272657531094578,0.9108207198199508,0.3449986519256737,-0.026969308532783186,-0.07088554498950113,-3.0,False
d_D,tier1,0.8408964152537145,0.08408964152537146,1,0,33.93216845094533,0.007455338864407784,0.9107129311414717,0.34511693666460497,-0.029699906284500668,-0.08433981289666105,-3.0,False
d_D,tier1,1.0,0.1,1,0,28.548283450528967,0.008860086156202866,0.9105849035401942,0.3452575001267988,-0.03235953748503029,-0.09999999999997704,-3.0,False
d_D,tier1,1.189207115002721,0.11892071150027211,1,0,24.02097045797124,0.010528218259682025,0.9104328712472189,0.345424516094899,-0.03488516791486374,-0.10000000000000053,-3.0,False
d_D,tier1,1.414213562373095,0.1414213562373095,1,0,20.21394147646647,0.012508588892466282,0.9102523817718259,0.34562293124937077,-0.037228346237365054,-0.1000000000000005,-3.0,False
d_D,tier1,1.681792830507429,0.16817928305074292,1,0,17.01259164389201,0.014858899078586367,0.9100381762865085,0.3458586046975868,-0.03935908318724924,-0.09999999999999966,-3.0,False
d_D,tier1,2.0,0.2,1,0,14.32054923902765,0.01764721365369657,0.9097840514138403,0.3461384712919843,-0.04126569741437988,-0.10000000000000013,-3.0,False
d_D,tier2,0.1,0.010000000000000002,1,0,284.6402831830478,0.0008893401847055099,0.9113113512743053,0.34446091488821623,-0.00547218945192306,-0.010003331305265269,-3.0,False
d_D,tier2,0.1778279410038923,0.01778279410038923,1,0,160.10611997740506,0.0015809797414000648,0.911248315770404,0.3445299409600586,-0.00930692798489406,-0.01779339099185094,-3.0,False
d_D,tier2,0.31622776601683794,0.0316227766016838,1,0,90.0753729938114,0.002809796001659883,0.9111363223897221,0.3446526222978209,-0.015247507129995837,-0.03165664855074722,-3.0,False
d_D,tier2,0.5623413251903491,0.05623413251903491,1,0,50.69411793247438,0.004991470429746579,0.9109374862393143,0.3448705751248672,-0.02336986038048076,-0.05634339263549509,-3.0,False
d_D,tier2,1.0,0.1,1,0,28.548283450528967,0.008860086156202866,0.9105849035401942,0.3452575001267988,-0.03235953748503029,-0.09999999999997704,-3.0,False
d_D,tier2,1.7782794100389228,0.1778279410038923,1,0,16.09454133987633,0.0157051358748065,0.9099610509076126,0.3459435112078553,-0.03999743622493811,-0.09999999999999958,-3.0,False
d_D,tier2,3.1622776601683795,0.316227766016838,1,0,9.090895642790088,0.027770805925419823,0.9088613949029997,0.34715708512749655,-0.04528462034126592,-0.09999999999999994,-3.0,False
d_D,tier2,5.623413251903491,0.5623413251903492,1,0,5.151780125918263,0.04890087580384346,0.9069356163824346,0.3492958252785841,-0.04871188391016511,-0.09999999999999999,-3.0,False
d_D,tier2,10.0,1.0,1,0,2.9355112054075363,0.08550465813591164,0.9035995754610309,0.35304178241478307,-0.05113938629063497,-0.09999999999999977,-3.0,False
d_N,tier1,0.5,0.05,1,0,28.501560296931174,0.008878537447625352,0.9109878134833993,0.3448153922188913,-0.03232290829242674,-0.09593935489851707,-3.0,False
d_N,tier1,0.5946035575013605,0.05946035575013606,1,0,28.51041694345469,0.008875035370288479,0.9109114516613963,0.34489912610377466,-0.03232983593384778,-0.09636148775514071,-3.0,False
d_N,tier1,0.7071067811865476,0.07071067811865477,1,0,28.52093941209891,0.00887087735259568,0.9108207198199509,0.3449986519256737,-0.03233807608250819,-0.09693350972827185,-3.0,False
d_N,tier1,0.8408964152537145,0.08408964152537146,1,0,28.533438812185107,0.008865942022310041,0.9107129311414718,0.3451169366646049,-0.03234787778313819,-0.0977843878256343,-3.0,False
d_N,tier1,1.0,0.1,1,0,28.548283450528967,0.008860086156202866,0.9105849035401942,0.3452575001267988,-0.03235953748503029,-0.09999999999997704,-3.0,False
d_N,tier1,1.189207115002721,0.11892071150027211,1,0,28.565908977889592,0.008853140993575271,0.9104328712472188,0.34542451609489916,-0.03237340812197953,-0.10017579329425177,-3.0,False
d_N,tier1,1.414213562373095,0.1414213562373095,1,0,28.58683018503477,0.008844908028933769,0.9102523817718264,0.3456229312493701,-0.03238990995157145,-0.1001714995363556,-3.0,False
d_N,tier1,1.681792830507429,0.16817928305074292,1,0,28.611654655048152,0.008835154252682016,0.9100381762865085,0.3458586046975868,-0.03240954350080386,-0.10016641660852607,-3.0,False
d_N,tier1,2.0,0.2,1,0,28.641098478055294,0.008823606826848194,0.9097840514138403,0.3461384712919841,-0.03243290503511757,-0.10016040459570338,-3.0,False
d_N,tier2,0.1,0.010000000000000002,1,0,28.46402831830474,0.00889340184705481,0.9113113512743054,0.3444609148882162,-0.032293632048005144,-0.0944870178524114,-3.0,False
d_N,tier2,0.1778279410038923,0.01778279410038923,1,0,28.47134165770409,0.008890502428780075,0.911248315770404,0.3445299409600586,-0.032299326406380204,-0.09473966272355093,-3.0,False
d_N,tier2,0.31622776601683794,0.0316227766016838,1,0,28.484333974966404,0.008885355125679475,0.9111363223897221,0.34465262229782095,-0.032309454861131334,-0.09521992528541873,-3.0,False
d_N,tier2,0.5623413251903491,0.05623413251903491,1,0,28.50739745750352,0.008876229091038943,0.910937486239314,0.3448705751248675,-0.032327473279663566,-0.0962125297458086,-3.0,False
d_N,tier2,1.0,0.1,1,0,28.548283450528967,0.008860086156202866,0.9105849035401942,0.3452575001267988,-0.03235953748503029,-0.09999999999997704,-3.0,False
d_N,tier2,1.7782794100389228,0.1778279410038923,1,0,28.620591478722286,0.008831646920133725,0.9099610509076125,0.3459435112078553,-0.03241662566825327,-0.10016458991507948,-3.0,False
d_N,tier2,3.1622776601683795,0.316227766016838,1,0,28.747936202117174,0.008781899918282925,0.9088613949029997,0.3471570851274966,-0.032518352796471604,-0.10013874215984447,-3.0,False
d_N,tier2,5.623413251903491,0.5623413251903492,1,0,28.970588630981876,0.008695942057484264,0.9069356163824347,0.349295825278584,-0.03269985772771181,-0.1000943612232166,-3.0,False
d_N,tier2,10.0,1.0,1,0,29.355112054073395,0.008550465813614573,0.9035995754610096,0.35304178241480777,-0.033024267335830394,-0.10002012606121134,-3.0,False
d_A,tier1,0.5,0.5,1,0,0.09203851807833362,2.1572545996082684,1.4295637185524168,0.09157101179253643,0.06993458397798667,-0.1,-3.0,False
d_A,tier1,0.5946035575013605,0.5946035575013605,1,0,0.2496785533744403,0.9206150970434187,1.3916637966267131,0.09918177196371941,0.027769062405167803,-0.10000000000000031,-3.0,False
d_A,tier1,0.7071067811865476,0.7071067811865476,1,0,2.065058335324193,0.121109648877104,1.2732936348535935,0.1291025146539857,0.004612666235302622,-0.10000000000000056,-3.0,False
d_A,tier1,0.8408964152537145,0.8408964152537145,1,0,11.002050041352085,0.02295784374535743,1.0813460827351997,0.20907087507469685,-0.0069672132919183,-0.09999999999999906,-3.0,False
d_A,tier1,1.0,1.0,1,0,28.548283450528967,0.008860086156202866,0.9105849035401942,0.3452575001267988,-0.03235953748503029,-0.09999999999997704,-3.0,False
d_A,tier1,1.189207115002721,1.189207115002721,1,0,41.90024561364298,0.006038429646889941,0.7659238291467324,0.5668445943079128,-0.06214367665407668,-0.1000000000000457,-3.0,False
d_A,tier1,1.414213562373095,1.414213562373095,1,0,46.667473605376806,0.005421919671771431,0.6441023333801181,0.9176889804961361,-0.0817885855209478,-0.0999999999999824,-3.0,False
d_A,tier1,1.681792830507429,1.681792830507429,1,0,47.918546008849894,0.005280437243672327,0.5416310103715464,1.4524318739026976,-0.09184150898538662,-0.10000000000000643,-3.0,False
d_A,tier1,2.0,2.0,1,0,48.23263552823865,0.005246069229091756,0.45545714114905406,2.222577481756452,-0.0965683618079993,-0.09999999999998675,-3.0,False
d_A,tier2,0.1,0.1,1,0,0.005776393015349633,8.14221171275197,1.6931741352133929,0.055315886891122594,0.09983333351233314,-0.09156521245837743,-3.0,False
d_A,tier2,0.1778279410038923,0.1778279410038923,1,0,0.01145654171542087,6.884523285610314,1.5967242265849249,0.06588750973377068,0.12064820057944017,-0.09999999999999995,-3.0,False
d_A,tier2,0.31622776601683794,0.31622776601683794,1,0,0.02764029559737974,4.780590779795538,1.5042733223996445,0.07869592848628812,0.1229815436968495,-0.09999999999999987,-3.0,False
d_A,tier2,0.5623413251903491,0.5623413251903491,1,0,0.1660138447847511,1.323180679305213,1.4062610864159502,0.09615452832293485,0.04131624055180332,-0.10000000000000002,-3.0,False
d_A,tier2,1.0,1.0,1,0,28.548283450528967,0.008860086156202866,0.9105849035401942,0.3452575001267988,-0.03235953748503029,-0.09999999999997704,-3.0,False
d_A,tier2,1.7782794100389228,1.7782794100389228,1,0,48.06852752099152,0.005263970105710964,0.512243827198039,1.672763239774454,-0.09377963613600197,-0.10000000000001792,-3.0,False
d_A,tier2,3.1622776601683795,3.1622776601683795,1,0,48.34624746784832,0.005233747607647933,0.28805674364243694,5.304310825083887,-0.0997323980617013,-0.09999999999997951,-3.0,False
d_A,tier2,5.623413251903491,5.623413251903491,1,0,48.35319839178254,0.005232995633705755,0.16198622313722416,8.639877407112026,-0.09998115365650982,-0.10000000000000002,-3.0,False
d_A,tier2,10.0,10.0,1,0,48.353824956800736,0.0052329278604221425,0.09109154799924679,9.727679865446952,-0.0999973657145886,-0.1,-3.0,False
d_ASC,tier1,0.5,0.05,1,0,44.556138934181575,0.0056786965510216645,0.9108748529725651,0.6898785350274294,-0.04230586797376561,-0.05002046835914797,-3.0,False
d_ASC,tier1,0.5946035575013605,0.05946035575013606,1,0,42.282029726097925,0.00598393848373709,0.9108470334546468,0.5801677095222904,-0.04433222936944976,-0.05950185403194494,-3.0,False
d_ASC,tier1,0.7071067811865476,0.07071067811865477,1,0,38.925954050572706,0.006499519878851804,0.9108000437578768,0.48793385441912124,-0.0433385661630982,-0.07079519198770205,-3.0,False
d_ASC,tier1,0.8408964152537145,0.08408964152537146,1,0,34.31154812100228,0.007372966637548691,0.9107204384836665,0.41040571740432696,-0.03911090900028281,-0.08426290701847704,-3.0,False
d_ASC,tier1,1.0,0.1,1,0,28.548283450528967,0.008860086156202866,0.9105849035401942,0.3452575001267988,-0.03235953748503029,-0.09999999999997704,-3.0,False
d_ASC,tier1,1.189207115002721,0.11892071150027211,1,0,22.155791483371576,0.011413521707637991,0.9103521853633546,0.2905408087976848,-0.02431053761072886,-0.09999999999999928,-3.0,False
d_ASC,tier1,1.414213562373095,0.1414213562373095,1,0,15.93598824481728,0.015861144293165527,0.9099468324188508,0.24463007312007323,-0.016254667888729247,-0.09999999999999973,-3.0,False
d_ASC,tier1,1.681792830507429,0.16817928305074292,1,0,10.61208335090847,0.0237994774629861,0.9092233387628671,0.20618296448813203,-0.00914359356931995,-0.0999999999999996,-3.0,False
d_ASC,tier1,2.0,0.2,1,0,6.53830784504278,0.03857084826343874,0.9078770872468764,0.17412404666584091,-0.0033609887842771954,-0.10000000000000017,-3.0,False
d_ASC,tier2,0.1,0.010000000000000002,1,0,48.32240786247564,0.005236328297402165,0.9109151700792242,3.448950480886826,-0.00999153055828979,-0.010000031257848091,-3.0,False
d_ASC,tier2,0.1778279410038923,0.01778279410038923,1,0,48.17093658564016,0.005252785040049436,0.910913670224198,1.9394966338565036,-0.017690099919661247,-0.017783109228745375,-3.0,False
d_ASC,tier2,0.31622776601683794,0.0316227766016838,1,0,47.33604523650989,0.00534538171869511,0.9109052310332328,1.0906883756482757,-0.030537972692077385,-0.03162597660408075,-3.0,False
d_ASC,tier2,0.5623413251903491,0.05623413251903491,1,0,43.119463957139324,0.0058677910639385,0.9108576190422739,0.6134320142226078,-0.04397023757180676,-0.05626717222130243,-3.0,False
d_ASC,tier2,1.0,0.1,1,0,28.548283450528967,0.008860086156202866,0.9105849035401942,0.3452575001267988,-0.03235953748503029,-0.09999999999997704,-3.0,False
d_ASC,tier2,1.7782794100389228,0.1778279410038923,1,0,9.158943005574384,0.027565048443785295,0.9088801474836044,0.1952091112618957,-0.007135478973954178,-0.10000000000000116,-3.0,False
d_ASC,tier2,3.1622776601683795,0.316227766016838,1,0,1.1302777185028845,0.21907739119398367,0.8914258580177634,0.11610800643339217,0.011088567536439551,-0.09999999999999981,-3.0,False
d_ASC,tier2,5.623413251903491,0.5623413251903492,1,0,0.15130235148040833,1.433395236945859,0.7807538518226559,0.09546778808555482,0.21508462743982487,-0.09999999999999974,-3.0,False
d_ASC,tier2,10.0,1.0,1,0,0.06406170018952279,2.8325104098649656,0.6532395575819272,0.08830696764165134,0.5551217539499247,-0.09999999999999969,-3.0,False
f_D,tier1,0.5,0.025,1,0,28.92647523743947,0.008744348524238828,0.9105954517800694,0.345245916219255,-0.03227282869550561,-0.09999999999999207,-3.0,False
f_D,tier1,0.5946035575013605,0.02973017787506803,1,0,28.854915547496795,0.008766015346900075,0.9105934770823079,0.3452480847618873,-0.03228916012130123,-0.10000000000002457,-3.0,False
f_D,tier1,0.7071067811865476,0.03535533905932738,1,0,28.769818131904735,0.008791921294614712,0.9105911160339085,0.34525067760441813,-0.03230862669422089,-0.09999999999999222,-3.0,False
f_D,tier1,0.8408964152537145,0.04204482076268573,1,0,28.668622357725113,0.008822928027002326,0.9105882901038681,0.3452537810015164,-0.032331840516198196,-0.09999999999997676,-3.0,False
f_D,tier1,1.0,0.05,1,0,28.548283450528967,0.008860086156202866,0.9105849035401942,0.3452575001267988,-0.03235953748503029,-0.09999999999997704,-3.0,False
f_D,tier1,1.189207115002721,0.05946035575013606,1,0,28.40518104761935,0.008904682618814433,0.9105808390524626,0.3452619638177592,-0.03239260412830118,-0.09999999999999257,-3.0,False
f_D,tier1,1.414213562373095,0.07071067811865475,1,0,28.235010522271665,0.008958302469724743,0.9105759521799744,0.34526733076598304,-0.03243211099903785,-0.10000000000002429,-3.0,False
f_D,tier1,1.681792830507429,0.08408964152537146,1,0,28.03265385606547,0.009022910572255396,0.9105700638465792,0.34527379770158156,-0.032479354541457194,-0.10000000000000835,-3.0,False
f_D,tier1,2.0,0.1,1,0,27.7920262469886,0.009100961212143047,0.9105629503705388,0.34528161037692395,-0.032535910008551,-0.10000000000000801,-3.0,False
f_D,tier2,0.1,0.005000000000000001,1,0,29.229057517189947,0.00865390444508088,0.9106036947847521,0.34523686423821826,-0.032204157491599446,-0.09999999999996059,-3.0,False
f_D,tier2,0.1778279410038923,0.008891397050194615,1,0,29.170182160714248,0.008671355824004705,0.9106021042793312,0.3452386108131623,-0.03221747076952018,-0.09999999999997711,-3.0,False
f_D,tier2,0.31622776601683794,0.0158113883008419,1,0,29.065487662939734,0.008702563048088844,0.9105992600766298,0.34524173413420794,-0.03224120276204697,-0.10000000000000779,-3.0,False
f_D,tier2,0.5623413251903491,0.028117066259517456,1,0,28.87931907029239,0.008758614400600254,0.9105941515989326,0.34524734402978846,-0.032283586798013464,-0.10000000000000907,-3.0,False
f_D,tier2,1.0,0.05,1,0,28.548283450528967,0.008860086156202866,0.9105849035401942,0.3452575001267988,-0.03235953748503029,-0.09999999999997704,-3.0,False
f_D,tier2,1.7782794100389228,0.08891397050194615,1,0,27.959689004429954,0.009046435860902053,0.9105679197696394,0.3452761525002171,-0.032496460276864106,-0.10000000000002418,-3.0,False
f_D,tier2,3.1622776601683795,0.158113883008419,1,0,26.913272811729446,0.009397840193070314,0.9105358930456949,0.3453113293410679,-0.03274598904514686,-0.09999999999996137,-3.0,False
f_D,tier2,5.623413251903491,0.2811706625951746,1,0,25.05342123846429,0.010094788663185961,0.9104723736914565,0.3453811102813216,-0.0332097457412265,-0.10000000000000829,-3.0,False
f_D,tier2,10.0,0.5,1,0,21.750012936731757,0.011626210212464537,0.9103328010945602,0.34553450648892486,-0.03410339228851824,-0.10000000000000875,-3.0,False
f_N,tier1,0.5,0.3,1,0,35.042924772008,0.013255165280194957,0.8360995675579371,0.4415474260030035,-0.02954374453032319,-0.10000000000001004,-3.0,False
f_N,tier1,0.5946035575013605,0.3567621345008163,1,0,33.27077703380506,0.012053523543773943,0.8584341146418266,0.40934648029882964,-0.0285706240141926,-0.09999999999995092,-3.0,False
f_N,tier1,0.7071067811865476,0.4242640687119285,1,0,31.56277436542357,0.01092983643889038,0.8781654298760382,0.38340356401652564,-0.028876617761174363,-0.10000000000002908,-3.0,False
f_N,tier1,0.8408964152537145,0.5045378491522287,1,0,29.977797221661923,0.009867593763031436,0.8954801869108068,0.3623811245304491,-0.030221049950421703,-0.09999999999997417,-3.0,False
f_N,tier1,1.0,0.6,1,0,28.548283450528967,0.008860086156202866,0.9105849035401942,0.3452575001267988,-0.03235953748503029,-0.09999999999997704,-3.0,False
f_N,tier1,1.189207115002721,0.7135242690016326,1,0,27.285876068155403,0.007907334561313355,0.9236937737395834,0.3312456929241013,-0.03506882651042585,-0.0999999999999801,-3.0,False
f_N,tier1,1.414213562373095,0.8485281374238569,1,0,26.18803608036362,0.0070129411312198995,0.9350194015060268,0.31973426155081597,-0.03815880728336363,-0.09999999999999255,-3.0,False
f_N,tier1,1.681792830507429,1.0090756983044573,1,0,25.243786433224034,0.006181513704237343,0.9447661645052412,0.31024415258337995,-0.04147558275263781,-0.09999999999992829,-3.0,False
f_N,tier1,2.0,1.2,1,0,24.43795985134411,0.005416924513606471,0.9531258032251925,0.3023970039086889,-0.04489934024924619,-0.10000000000000073,-3.0,False
f_N,tier2,0.1,0.06,1,0,40.61762187997622,0.03455602748595091,0.5052901169162053,1.730661466713874,-0.08824083180586499,-0.09999999999999391,-3.0,False
f_N,tier2,0.1778279410038923,0.10669676460233538,1,0,41.74551789782767,0.024133835764203516,0.6449688009303527,0.9143331222793366,-0.06430677355530728,-0.10000000000000964,-3.0,False
f_N,tier2,0.31622776601683794,0.18973665961010275,1,0,39.3320744264591,0.017052436969857178,0.7635470542799778,0.5718508741393334,-0.03944261599406292,-0.09999999999999644,-3.0,False
f_N,tier2,0.5623413251903491,0.33740479511420945,1,0,33.83791116736834,0.012430743693847232,0.8515362853290612,0.4189548061090882,-0.028733477984842618,-0.09999999999999917,-3.0,False
f_N,tier2,1.0,0.6,1,0,28.548283450528967,0.008860086156202866,0.9105849035401942,0.3452575001267988,-0.03235953748503029,-0.09999999999997704,-3.0,False
f_N,tier2,1.7782794100389228,1.0669676460233537,1,0,24.97004784063387,0.005927931209353261,0.9475999528162979,0.30755446893955074,-0.04257099901073049,-0.09999999999994215,-3.0,False
f_N,tier2,3.1622776601683795,1.8973665961010275,1,0,22.852085221738143,0.003727852890282137,0.9698109905309812,0.28749719824340886,-0.053865876871338134,-0.09999999999989397,-3.0,False
f_N,tier2,5.623413251903491,3.3740479511420944,1,0,21.65030278865242,0.00224229039955458,0.9827845778283888,0.2765719741577226,-0.06397707273465328,-0.10000000000006162,-3.0,False
f_N,tier2,10.0,6.0,1,0,20.9756801794695,0.0013113619456002873,0.9902415157357864,0.27053856057913017,-0.07230484262795361,-0.09999999999985734,-3.0,False
k_cis,tier1,0.5,0.175,1,0,24.102238873945556,0.010978641390870608,0.9525954143309369,0.3028870860893557,-0.04509264837130939,-0.10000000000000167,-3.0,False
k_cis,tier1,0.5946035575013605,0.20811124512547616,1,0,24.97223206472915,0.01050452854126196,0.9443574880666732,0.3106345898788395,-0.041616996867042164,-0.09999999999997711,-3.0,False
k_cis,tier1,0.7071067811865476,0.24748737341529164,1,0,25.992386243954687,0.009989473304953023,0.9347408946576488,0.3200109935129213,-0.038251601235333055,-0.09999999999996229,-3.0,False
k_cis,tier1,0.8408964152537145,0.29431374533880006,1,0,27.179947233045134,0.009438660035981757,0.9235522142230858,0.3313929850687277,-0.035115253058076765,-0.09999999999996496,-3.0,False
k_cis,tier1,1.0,0.35,1,0,28.548283450528967,0.008860086156202866,0.9105849035401942,0.3452575001267988,-0.03235953748503029,-0.09999999999997704,-3.0,False
k_cis,tier1,1.189207115002721,0.4162224902509523,1,0,30.10262963408653,0.008264540800400356,0.8956238789169017,0.36221305019238903,-0.030170673871562727,-0.1000000000000326,-3.0,False
k_cis,tier1,1.414213562373095,0.4949747468305832,1,0,31.834280920487146,0.007665150861578393,0.87845243697144,0.3830422809648949,-0.028766283966651658,-0.09999999999997712,-3.0,False
k_cis,tier1,1.681792830507429,0.5886274906776001,1,0,33.71383146002483,0.007076405586569508,0.8588618830381763,0.4087601314052687,-0.028383404814054915,-0.10000000000000649,-3.0,False
k_cis,tier1,2.0,0.7,1,0,35.68526115009535,0.006512679867635554,0.836664054708756,0.4406936677897698,-0.029253905730844118,-0.09999999999997398,-3.0,False
k_cis,tier2,0.1,0.034999999999999996,1,0,20.364474195125528,0.013490749933206213,0.9890353039956109,0.27150269480602,-0.07303105923073777,-0.09999999999999584,-3.0,False
k_cis,tier2,0.1778279410038923,0.062239779351362295,1,0,21.093330870261216,0.012928442877399225,0.9817341237009135,0.2774360623070619,-0.06452223919454984,-0.09999999999998556,-3.0,False
k_cis,tier2,0.31622776601683794,0.11067971810589328,1,0,22.390735041359456,0.012021420287225745,0.9690063712995419,0.2881933104436466,-0.05421085597039265,-0.09999999999998364,-3.0,False
k_cis,tier2,0.5623413251903491,0.19681946381662216,1,0,24.676646811464476,0.010661802278742279,0.9471511051422853,0.30797844679044023,-0.04272874264420064,-0.10000000000000074,-3.0,False
k_cis,tier2,1.0,0.35,1,0,28.548283450528967,0.008860086156202866,0.9105849035401942,0.3452575001267988,-0.03235953748503029,-0.09999999999997704,-3.0,False
k_cis,tier2,1.7782794100389228,0.6223977935136229,1,0,34.341966871793105,0.006891540141927779,0.8520085556778556,0.41828763453822027,-0.02851648797791721,-0.09999999999994715,-3.0,False
k_cis,tier2,3.1622776601683795,1.1067971810589328,1,0,40.64876985226806,0.005223963995343445,0.7644517565875174,0.5699385561623238,-0.038684213725222426,-0.09999999999999826,-3.0,False
k_cis,tier2,5.623413251903491,1.9681946381662219,1,0,44.195008869396375,0.004061962616989293,0.6462665059860396,0.9093360768058179,-0.06240358452083541,-0.10000000000002339,-3.0,False
k_cis,tier2,10.0,3.5,1,0,44.38439395396774,0.003172294981806174,0.5068814047614858,1.7172032149795582,-0.08524283551885266,-0.09999999999996471,-3.0,False
n_d,hill_set,0.3333333333333333,1.0,1,0,25.113919006922384,0.01007049547461064,0.9104745877542127,0.34537867765096436,-0.05846923021400099,-0.09999999999999278,-3.0,False
n_d,hill_set,0.6666666666666666,2.0,1,0,26.849725478994856,0.009420061839428551,0.910533867781723,0.3453135539657667,-0.04267661224815856,-0.10000000000000818,-3.0,False
n_d,hill_set,1.0,3.0,1,0,28.548283450528967,0.008860086156202866,0.9105849035401942,0.3452575001267988,-0.03235953748503029,-0.09999999999997704,-3.0,False
n_d,hill_set,1.3333333333333333,4.0,1,0,30.195464269095833,0.008377167991372846,0.9106289163349635,0.34520916935117185,-0.025125187670284994,-0.09999999999997711,-3.0,False
n_d,hill_set,1.6666666666666667,5.0,1,0,31.77882512801054,0.007960112876988348,0.9106669264213377,0.3451674373232459,-0.01999884488303968,-0.09999999999999289,-3.0,False
n_d,hill_set,2.0,6.0,1,0,33.28795157102906,0.007599511304595446,0.910699791374771,0.345131359564202,-0.016450364686947914,-0.09999999999999261,-3.0,False
n_ASC,hill_set,0.3333333333333333,1.0,1,0,48.266671337604954,0.0052423718411761565,0.9109146192752346,2.4774661666861215,-0.0987823917651451,-0.10000000000003352,-3.0,False
n_ASC,hill_set,0.6666666666666666,2.0,1,0,46.95487430418773,0.005388751150650582,0.9109012783761433,0.9785362009907579,-0.08671073499714918,-0.10000000000003327,-3.0,False
n_ASC,hill_set,1.0,3.0,1,0,28.548283450528967,0.008860086156202866,0.9105849035401942,0.3452575001267988,-0.03235953748503029,-0.09999999999997704,-3.0,False
n_ASC,hill_set,1.3333333333333333,4.0,1,0,1.6280397635320731,0.15312160441759312,0.8974370183315612,0.1233330604983172,0.026941979724916174,-0.09999999999999909,-3.0,False
n_ASC,hill_set,1.6666666666666667,5.0,1,0,0.12825200268136466,1.6485452783512917,0.7611452404540595,0.09422304568685798,0.1650717203689093,-0.10000000000000031,-3.0,False
n_ASC,hill_set,2.0,6.0,1,0,0.06593659784279537,2.7743132656249365,0.6585436011076008,0.08858414979246386,0.29679856282230727,-0.09999999999999998,-3.0,False
