m,n,mu,k1,k2,lambda_max
0,0,6.0,0.0,0.0,-0.10000000000000016
0,1,5.863703305156273,0.0,0.2617993877991494,-0.09944112506290632
0,2,5.464101615137755,0.0,0.5235987755982988,-0.09771080625483643
0,3,4.82842712474619,0.0,0.7853981633974483,-0.09462964410964969
0,4,4.0,0.0,1.0471975511965976,-0.08983362114796277
0,5,3.035276180410083,0.0,1.3089969389957472,-0.08266560727200993
0,6,2.0,0.0,1.5707963267948966,-0.07202842535453717
0,7,0.9647238195899175,0.0,1.832595714594046,-0.0563547141245735
0,8,8.881784197001252e-16,0.0,2.0943951023931953,-0.03431629436083003
0,9,-0.8284271247461898,0.0,2.356194490192345,-0.00708015601201609
0,10,-1.4641016151377548,0.0,2.6179938779914944,0.01989695919537538
0,11,-1.8637033051562728,0.0,2.8797932657906435,0.03942881991923157
0,12,-2.0,0.0,3.141592653589793,0.04649254285826247
0,13,-1.8637033051562732,0.0,3.4033920413889427,0.0394288199192316
0,14,-1.4641016151377553,0.0,3.665191429188092,0.01989695919537538
0,15,-0.8284271247461916,0.0,3.926990816987241,-0.007080156012015957
0,16,-1.7763568394002505e-15,0.0,4.1887902047863905,-0.03431629436082999
0,17,0.9647238195899175,0.0,4.4505895925855405,-0.0563547141245735
0,18,1.9999999999999991,0.0,4.71238898038469,-0.07202842535453705
0,19,3.035276180410081,0.0,4.974188368183839,-0.08266560727200979
0,20,4.0,0.0,5.235987755982989,-0.08983362114796277
0,21,4.82842712474619,0.0,5.497787143782138,-0.09462964410964969
0,22,5.4641016151377535,0.0,5.759586531581287,-0.09771080625483616
0,23,5.863703305156273,0.0,6.021385919380436,-0.09944112506290632
1,0,5.863703305156273,0.2617993877991494,0.0,-0.09944112506290632
1,1,5.863703305156273,0.2617993877991494,0.2617993877991494,-0.09944112506290632
1,2,5.59575411272515,0.2617993877991494,0.5235987755982988,-0.09829677950196829
1,3,5.078116022520109,0.2617993877991494,0.7853981633974483,-0.09589312240638669
1,4,4.346065214951232,0.2617993877991494,1.0471975511965976,-0.09196187179007466
1,5,3.449489742783178,0.2617993877991494,1.3089969389957472,-0.08599723698135077
1,6,2.4494897427831783,0.2617993877991494,1.5707963267948966,-0.0771211312925546
1,7,1.4142135623730956,0.2617993877991494,1.832595714594046,-0.06395847373116717
1,8,0.4142135623730958,0.2617993877991494,2.0943951023931953,-0.04488155214174846
1,9,-0.48236190979495785,0.2617993877991494,2.356194490192345,-0.019521901640859384
1,10,-1.2144127173638357,0.2617993877991494,2.6179938779914944,0.00867246734135234
1,11,-1.7320508075688767,0.2617993877991494,2.8797932657906435,0.032792494056344955
1,12,-1.9999999999999998,0.2617993877991494,3.141592653589793,0.04649254285826247
1,13,-2.0,0.2617993877991494,3.4033920413889427,0.04649254285826247
1,14,-1.7320508075688779,0.2617993877991494,3.665191429188092,0.03279249405634494
1,15,-1.2144127173638373,0.2617993877991494,3.926990816987241,0.008672467341352463
1,16,-0.4823619097949601,0.2617993877991494,4.1887902047863905,-0.019521901640859204
1,17,0.41421356237309614,0.2617993877991494,4.4505895925855405,-0.044881552141748604
1,18,1.414213562373095,0.2617993877991494,4.71238898038469,-0.0639584737311673
1,19,2.4494897427831765,0.2617993877991494,4.974188368183839,-0.07712113129255468
1,20,3.449489742783179,0.2617993877991494,5.235987755982989,-0.08599723698135076
1,21,4.346065214951231,0.2617993877991494,5.497787143782138,-0.0919618717900747
1,22,5.078116022520108,0.2617993877991494,5.759586531581287,-0.09589312240638669
1,23,5.5957541127251496,0.2617993877991494,6.021385919380436,-0.09829677950196829
2,0,5.464101615137755,0.5235987755982988,0.0,-0.09771080625483643
2,1,5.59575411272515,0.5235987755982988,0.2617993877991494,-0.09829677950196829
2,2,5.464101615137755,0.5235987755982988,0.5235987755982988,-0.09771080625483643
2,3,5.078116022520109,0.5235987755982988,0.7853981633974483,-0.09589312240638669
2,4,4.464101615137755,0.5235987755982988,1.0471975511965976,-0.09264473860509442
2,5,3.663902460147014,0.5235987755982988,1.3089969389957472,-0.08756412840753537
2,6,2.7320508075688776,0.5235987755982988,1.5707963267948966,-0.07993186078801634
2,7,1.732050807568878,0.5235987755982988,1.832595714594046,-0.06856333629716473
2,8,0.732050807568878,0.5235987755982988,2.0943951023931953,-0.05182735313514798
2,9,-0.1998008450092592,0.5235987755982988,2.356194490192345,-0.02853338760506273
2,10,-1.0000000000000004,0.5235987755982988,2.6179938779914944,-0.0003220774511201843
2,11,-1.614014407382354,0.5235987755982988,2.8797932657906435,0.027007582498271655
2,12,-2.0,0.5235987755982988,3.141592653589793,0.04649254285826247
2,13,-2.131652497587396,0.5235987755982988,3.4033920413889427,0.05349028499529471
2,14,-2.0,0.5235987755982988,3.665191429188092,0.04649254285826247
2,15,-1.6140144073823552,0.5235987755982988,3.926990816987241,0.02700758249827173
2,16,-1.000000000000001,0.5235987755982988,4.1887902047863905,-0.00032207745112016443
2,17,-0.19980084500925854,0.5235987755982988,4.4505895925855405,-0.028533387605062802
2,18,0.7320508075688761,0.5235987755982988,4.71238898038469,-0.05182735313514804
2,19,1.7320508075688752,0.5235987755982988,4.974188368183839,-0.06856333629716478
2,20,2.732050807568877,0.5235987755982988,5.235987755982989,-0.07993186078801631
2,21,3.6639024601470127,0.5235987755982988,5.497787143782138,-0.08756412840753539
2,22,4.4641016151377535,0.5235987755982988,5.759586531581287,-0.09264473860509442
2,23,5.078116022520107,0.5235987755982988,6.021385919380436,-0.09589312240638669
3,0,4.82842712474619,0.7853981633974483,0.0,-0.09462964410964969
3,1,5.078116022520109,0.7853981633974483,0.2617993877991494,-0.09589312240638669
3,2,5.078116022520109,0.7853981633974483,0.5235987755982988,-0.09589312240638669
3,3,4.82842712474619,0.7853981633974483,0.7853981633974483,-0.09462964410964969
3,4,4.346065214951232,0.7853981633974483,1.0471975511965976,-0.09196187179007466
3,5,3.663902460147014,0.7853981633974483,1.3089969389957472,-0.08756412840753537
3,6,2.8284271247461907,0.7853981633974483,1.5707963267948966,-0.08083052394172922
3,7,1.896575472168054,0.7853981633974483,1.832595714594046,-0.07073255728128147
3,8,0.9318516525781375,0.7853981633974483,2.0943951023931953,-0.05574146853203922
3,9,3.4450928483976665e-16,0.7853981633974483,2.356194490192345,-0.03431629436083003
3,10,-0.835475335400824,0.7853981633974483,2.6179938779914944,-0.006810268857101523
3,11,-1.5176380902050408,0.7853981633974483,2.8797932657906435,0.022405170449990835
3,12,-1.9999999999999998,0.7853981633974483,3.141592653589793,0.04649254285826247
3,13,-2.249688897773919,0.7853981633974483,3.4033920413889427,0.059900167527295045
3,14,-2.249688897773919,0.7853981633974483,3.665191429188092,0.059900167527295045
3,15,-2.000000000000001,0.7853981633974483,3.926990816987241,0.046492542858262514
3,16,-1.5176380902050426,0.7853981633974483,4.1887902047863905,0.022405170449991116
3,17,-0.8354753354008233,0.7853981633974483,4.4505895925855405,-0.006810268857101555
3,18,-6.661338147750939e-16,0.7853981633974483,4.71238898038469,-0.03431629436083004
3,19,0.9318516525781348,0.7853981633974483,4.974188368183839,-0.05574146853203926
3,20,1.896575472168054,0.7853981633974483,5.235987755982989,-0.07073255728128147
3,21,2.8284271247461894,0.7853981633974483,5.497787143782138,-0.08083052394172922
3,22,3.6639024601470123,0.7853981633974483,5.759586531581287,-0.08756412840753551
3,23,4.3460652149512295,0.7853981633974483,6.021385919380436,-0.09196187179007446
4,0,4.0,1.0471975511965976,0.0,-0.08983362114796277
4,1,4.346065214951232,1.0471975511965976,0.2617993877991494,-0.09196187179007466
4,2,4.464101615137755,1.0471975511965976,0.5235987755982988,-0.09264473860509442
4,3,4.346065214951232,1.0471975511965976,0.7853981633974483,-0.09196187179007466
4,4,4.0,1.0471975511965976,1.0471975511965976,-0.08983362114796277
4,5,3.449489742783178,1.0471975511965976,1.3089969389957472,-0.08599723698135077
4,6,2.7320508075688776,1.0471975511965976,1.5707963267948966,-0.07993186078801634
4,7,1.896575472168054,1.0471975511965976,1.832595714594046,-0.07073255728128147
4,8,1.0000000000000009,1.0471975511965976,2.0943951023931953,-0.05700355273905391
4,9,0.10342452783194678,1.0471975511965976,2.356194490192345,-0.0371281162199242
4,10,-0.7320508075688775,1.0471975511965976,2.6179938779914944,-0.010704144277768966
4,11,-1.4494897427831774,1.0471975511965976,2.8797932657906435,0.01921849070677993
4,12,-2.0,1.0471975511965976,3.141592653589793,0.04649254285826247
4,13,-2.3460652149512313,1.0471975511965976,3.4033920413889427,0.06522261999292048
4,14,-2.4641016151377544,1.0471975511965976,3.665191429188092,0.07184240011453474
4,15,-2.3460652149512318,1.0471975511965976,3.926990816987241,0.06522261999292045
4,16,-2.000000000000001,1.0471975511965976,4.1887902047863905,0.046492542858262514
4,17,-1.4494897427831774,1.0471975511965976,4.4505895925855405,0.01921849070677993
4,18,-0.7320508075688773,1.0471975511965976,4.71238898038469,-0.010704144277769022
4,19,0.10342452783194545,1.0471975511965976,4.974188368183839,-0.037128116219924207
4,20,1.0000000000000013,1.0471975511965976,5.235987755982989,-0.0570035527390541
4,21,1.8965754721680537,1.0471975511965976,5.497787143782138,-0.07073255728128129
4,22,2.7320508075688763,1.0471975511965976,5.759586531581287,-0.0799318607880163
4,23,3.449489742783177,1.0471975511965976,6.021385919380436,-0.085997236981351
5,0,3.035276180410083,1.3089969389957472,0.0,-0.08266560727200993
5,1,3.449489742783178,1.3089969389957472,0.2617993877991494,-0.08599723698135077
5,2,3.663902460147014,1.3089969389957472,0.5235987755982988,-0.08756412840753537
5,3,3.663902460147014,1.3089969389957472,0.7853981633974483,-0.08756412840753537
5,4,3.449489742783178,1.3089969389957472,1.0471975511965976,-0.08599723698135077
5,5,3.035276180410083,1.3089969389957472,1.3089969389957472,-0.08266560727200993
5,6,2.4494897427831783,1.3089969389957472,1.5707963267948966,-0.0771211312925546
5,7,1.7320508075688776,1.3089969389957472,1.832595714594046,-0.06856333629716475
5,8,0.9318516525781373,1.3089969389957472,2.0943951023931953,-0.05574146853203919
5,9,0.10342452783194678,1.3089969389957472,2.356194490192345,-0.0371281162199242
5,10,-0.6967746271587945,1.3089969389957472,2.6179938779914944,-0.011999736876900969
5,11,-1.4142135623730943,1.3089969389957472,2.8797932657906435,0.017591416465123588
5,12,-1.9999999999999998,1.3089969389957472,3.141592653589793,0.04649254285826247
5,13,-2.414213562373096,1.3089969389957472,3.4033920413889427,0.06903147136964591
5,14,-2.628626279736931,1.3089969389957472,3.665191429188092,0.08123934093859154
5,15,-2.628626279736931,1.3089969389957472,3.926990816987241,0.08123934093859154
5,16,-2.414213562373096,1.3089969389957472,4.1887902047863905,0.06903147136964591
5,17,-1.9999999999999998,1.3089969389957472,4.4505895925855405,0.04649254285826247
5,18,-1.4142135623730958,1.3089969389957472,4.71238898038469,0.017591416465123483
5,19,-0.696774627158796,1.3089969389957472,4.974188368183839,-0.011999736876900879
5,20,0.10342452783194633,1.3089969389957472,5.235987755982989,-0.037128116219924207
5,21,0.9318516525781353,1.3089969389957472,5.497787143782138,-0.055741468532039234
5,22,1.7320508075688752,1.3089969389957472,5.759586531581287,-0.06856333629716478
5,23,2.4494897427831757,1.3089969389957472,6.021385919380436,-0.07712113129255471
6,0,2.0,1.5707963267948966,0.0,-0.07202842535453717
6,1,2.4494897427831783,1.5707963267948966,0.2617993877991494,-0.0771211312925546
6,2,2.7320508075688776,1.5707963267948966,0.5235987755982988,-0.07993186078801634
6,3,2.8284271247461907,1.5707963267948966,0.7853981633974483,-0.08083052394172922
6,4,2.7320508075688776,1.5707963267948966,1.0471975511965976,-0.07993186078801634
6,5,2.4494897427831783,1.5707963267948966,1.3089969389957472,-0.0771211312925546
6,6,2.0000000000000004,1.5707963267948966,1.5707963267948966,-0.07202842535453717
6,7,1.4142135623730954,1.5707963267948966,1.832595714594046,-0.06395847373116728
6,8,0.732050807568878,1.5707963267948966,2.0943951023931953,-0.05182735313514798
6,9,4.440892098500626e-16,1.5707963267948966,2.356194490192345,-0.034316294360829995
6,10,-0.7320508075688774,1.5707963267948966,2.6179938779914944,-0.010704144277768966
6,11,-1.4142135623730943,1.5707963267948966,2.8797932657906435,0.017591416465123588
6,12,-1.9999999999999996,1.5707963267948966,3.141592653589793,0.046492542858262445
6,13,-2.449489742783178,1.5707963267948966,3.4033920413889427,0.0710171628571996
6,14,-2.7320508075688767,1.5707963267948966,3.665191429188092,0.08723847363204033
6,15,-2.82842712474619,1.5707963267948966,3.926990816987241,0.09288674986665646
6,16,-2.7320508075688776,1.5707963267948966,4.1887902047863905,0.08723847363204044
6,17,-2.449489742783178,1.5707963267948966,4.4505895925855405,0.0710171628571996
6,18,-2.0000000000000004,1.5707963267948966,4.71238898038469,0.0464925428582625
6,19,-1.4142135623730963,1.5707963267948966,4.974188368183839,0.017591416465123726
6,20,-0.7320508075688767,1.5707963267948966,5.235987755982989,-0.010704144277769004
6,21,-4.440892098500626e-16,1.5707963267948966,5.497787143782138,-0.034316294360830016
6,22,0.7320508075688761,1.5707963267948966,5.759586531581287,-0.05182735313514804
6,23,1.4142135623730934,1.5707963267948966,6.021385919380436,-0.06395847373116725
7,0,0.9647238195899175,1.832595714594046,0.0,-0.0563547141245735
7,1,1.4142135623730956,1.832595714594046,0.2617993877991494,-0.06395847373116717
7,2,1.732050807568878,1.832595714594046,0.5235987755982988,-0.06856333629716473
7,3,1.896575472168054,1.832595714594046,0.7853981633974483,-0.07073255728128147
7,4,1.896575472168054,1.832595714594046,1.0471975511965976,-0.07073255728128147
7,5,1.7320508075688776,1.832595714594046,1.3089969389957472,-0.06856333629716475
7,6,1.4142135623730954,1.832595714594046,1.5707963267948966,-0.06395847373116728
7,7,0.9647238195899175,1.832595714594046,1.832595714594046,-0.0563547141245735
7,8,0.4142135623730958,1.832595714594046,2.0943951023931953,-0.04488155214174846
7,9,-0.199800845009259,1.832595714594046,2.356194490192345,-0.028533387605062743
7,10,-0.835475335400824,1.832595714594046,2.6179938779914944,-0.006810268857101523
7,11,-1.4494897427831777,1.832595714594046,2.8797932657906435,0.01921849070678007
7,12,-2.0,1.832595714594046,3.141592653589793,0.04649254285826247
7,13,-2.4494897427831783,1.832595714594046,3.4033920413889427,0.07101716285719993
7,14,-2.7673269879789606,1.832595714594046,3.665191429188092,0.08929964309594025
7,15,-2.931851652578136,1.832595714594046,3.926990816987241,0.09900523794818426
7,16,-2.9318516525781373,1.832595714594046,4.1887902047863905,0.09900523794818428
7,17,-2.7673269879789606,1.832595714594046,4.4505895925855405,0.08929964309594025
7,18,-2.4494897427831783,1.832595714594046,4.71238898038469,0.07101716285719993
7,19,-2.000000000000001,1.832595714594046,4.974188368183839,0.046492542858262514
7,20,-1.4494897427831774,1.832595714594046,5.235987755982989,0.01921849070677993
7,21,-0.8354753354008237,1.832595714594046,5.497787143782138,-0.006810268857101474
7,22,-0.19980084500925988,1.832595714594046,5.759586531581287,-0.02853338760506278
7,23,0.41421356237309404,1.832595714594046,6.021385919380436,-0.04488155214174854
8,0,8.881784197001252e-16,2.0943951023931953,0.0,-0.03431629436083003
8,1,0.4142135623730958,2.0943951023931953,0.2617993877991494,-0.04488155214174846
8,2,0.732050807568878,2.0943951023931953,0.5235987755982988,-0.05182735313514798
8,3,0.9318516525781375,2.0943951023931953,0.7853981633974483,-0.05574146853203922
8,4,1.0000000000000009,2.0943951023931953,1.0471975511965976,-0.05700355273905391
8,5,0.9318516525781373,2.0943951023931953,1.3089969389957472,-0.05574146853203919
8,6,0.732050807568878,2.0943951023931953,1.5707963267948966,-0.05182735313514798
8,7,0.4142135623730958,2.0943951023931953,1.832595714594046,-0.04488155214174846
8,8,8.881784197001252e-16,2.0943951023931953,2.0943951023931953,-0.03431629436083003
8,9,-0.4823619097949581,2.0943951023931953,2.356194490192345,-0.0195219016408594
8,10,-0.9999999999999998,2.0943951023931953,2.6179938779914944,-0.0003220774511202837
8,11,-1.5176380902050408,2.0943951023931953,2.8797932657906435,0.022405170449990835
8,12,-1.9999999999999998,2.0943951023931953,3.141592653589793,0.04649254285826247
8,13,-2.4142135623730954,2.0943951023931953,3.4033920413889427,0.06903147136964619
8,14,-2.732050807568877,2.0943951023931953,3.665191429188092,0.08723847363204043
8,15,-2.9318516525781364,2.0943951023931953,3.926990816987241,0.09900523794818418
8,16,-3.0,2.0943951023931953,4.1887902047863905,0.10306671935147543
8,17,-2.9318516525781364,2.0943951023931953,4.4505895925855405,0.09900523794818418
8,18,-2.732050807568877,2.0943951023931953,4.71238898038469,0.08723847363204043
8,19,-2.4142135623730954,2.0943951023931953,4.974188368183839,0.06903147136964619
8,20,-1.9999999999999993,2.0943951023931953,5.235987755982989,0.046492542858262445
8,21,-1.5176380902050415,2.0943951023931953,5.497787143782138,0.022405170449991123
8,22,-1.0000000000000004,2.0943951023931953,5.759586531581287,-0.0003220774511201843
8,23,-0.4823619097949592,2.0943951023931953,6.021385919380436,-0.01952190164085937
9,0,-0.8284271247461898,2.356194490192345,0.0,-0.00708015601201609
9,1,-0.48236190979495785,2.356194490192345,0.2617993877991494,-0.019521901640859384
9,2,-0.1998008450092592,2.356194490192345,0.5235987755982988,-0.02853338760506273
9,3,3.4450928483976665e-16,2.356194490192345,0.7853981633974483,-0.03431629436083003
9,4,0.10342452783194678,2.356194490192345,1.0471975511965976,-0.0371281162199242
9,5,0.10342452783194678,2.356194490192345,1.3089969389957472,-0.0371281162199242
9,6,4.440892098500626e-16,2.356194490192345,1.5707963267948966,-0.034316294360829995
9,7,-0.199800845009259,2.356194490192345,1.832595714594046,-0.028533387605062743
9,8,-0.4823619097949581,2.356194490192345,2.0943951023931953,-0.0195219016408594
9,9,-0.8284271247461898,2.356194490192345,2.356194490192345,-0.00708015601201609
9,10,-1.2144127173638362,2.356194490192345,2.6179938779914944,0.00867246734135251
9,11,-1.614014407382354,2.356194490192345,2.8797932657906435,0.027007582498271655
9,12,-1.9999999999999998,2.356194490192345,3.141592653589793,0.04649254285826247
9,13,-2.3460652149512313,2.356194490192345,3.4033920413889427,0.06522261999292048
9,14,-2.6286262797369306,2.356194490192345,3.665191429188092,0.08123934093859157
9,15,-2.82842712474619,2.356194490192345,3.926990816987241,0.09288674986665646
9,16,-2.9318516525781364,2.356194490192345,4.1887902047863905,0.09900523794818418
9,17,-2.9318516525781364,2.356194490192345,4.4505895925855405,0.09900523794818418
9,18,-2.8284271247461903,2.356194490192345,4.71238898038469,0.09288674986665646
9,19,-2.628626279736931,2.356194490192345,4.974188368183839,0.08123934093859154
9,20,-2.3460652149512313,2.356194490192345,5.235987755982989,0.06522261999292048
9,21,-2.0,2.356194490192345,5.497787143782138,0.04649254285826247
9,22,-1.614014407382355,2.356194490192345,5.759586531581287,0.02700758249827192
9,23,-1.2144127173638368,2.356194490192345,6.021385919380436,0.008672467341352493
10,0,-1.4641016151377548,2.6179938779914944,0.0,0.01989695919537538
10,1,-1.2144127173638357,2.6179938779914944,0.2617993877991494,0.00867246734135234
10,2,-1.0000000000000004,2.6179938779914944,0.5235987755982988,-0.0003220774511201843
10,3,-0.835475335400824,2.6179938779914944,0.7853981633974483,-0.006810268857101523
10,4,-0.7320508075688775,2.6179938779914944,1.0471975511965976,-0.010704144277768966
10,5,-0.6967746271587945,2.6179938779914944,1.3089969389957472,-0.011999736876900969
10,6,-0.7320508075688774,2.6179938779914944,1.5707963267948966,-0.010704144277768966
10,7,-0.835475335400824,2.6179938779914944,1.832595714594046,-0.006810268857101523
10,8,-0.9999999999999998,2.6179938779914944,2.0943951023931953,-0.0003220774511202837
10,9,-1.2144127173638362,2.6179938779914944,2.356194490192345,0.00867246734135251
10,10,-1.4641016151377548,2.6179938779914944,2.6179938779914944,0.01989695919537538
10,11,-1.7320508075688774,2.6179938779914944,2.8797932657906435,0.03279249405634523
10,12,-2.0,2.6179938779914944,3.141592653589793,0.04649254285826247
10,13,-2.249688897773919,2.6179938779914944,3.4033920413889427,0.059900167527295045
10,14,-2.4641016151377544,2.6179938779914944,3.665191429188092,0.07184240011453474
10,15,-2.6286262797369306,2.6179938779914944,3.926990816987241,0.08123934093859157
10,16,-2.7320508075688776,2.6179938779914944,4.1887902047863905,0.08723847363204044
10,17,-2.7673269879789606,2.6179938779914944,4.4505895925855405,0.08929964309594025
10,18,-2.7320508075688776,2.6179938779914944,4.71238898038469,0.08723847363204044
10,19,-2.628626279736931,2.6179938779914944,4.974188368183839,0.08123934093859154
10,20,-2.4641016151377544,2.6179938779914944,5.235987755982989,0.07184240011453474
10,21,-2.249688897773919,2.6179938779914944,5.497787143782138,0.059900167527295045
10,22,-2.000000000000001,2.6179938779914944,5.759586531581287,0.046492542858262514
10,23,-1.7320508075688783,2.6179938779914944,6.021385919380436,0.0327924940563453
11,0,-1.8637033051562728,2.8797932657906435,0.0,0.03942881991923157
11,1,-1.7320508075688767,2.8797932657906435,0.2617993877991494,0.032792494056344955
11,2,-1.614014407382354,2.8797932657906435,0.5235987755982988,0.027007582498271655
11,3,-1.5176380902050408,2.8797932657906435,0.7853981633974483,0.022405170449990835
11,4,-1.4494897427831774,2.8797932657906435,1.0471975511965976,0.01921849070677993
11,5,-1.4142135623730943,2.8797932657906435,1.3089969389957472,0.017591416465123588
11,6,-1.4142135623730943,2.8797932657906435,1.5707963267948966,0.017591416465123588
11,7,-1.4494897427831777,2.8797932657906435,1.832595714594046,0.01921849070678007
11,8,-1.5176380902050408,2.8797932657906435,2.0943951023931953,0.022405170449990835
11,9,-1.614014407382354,2.8797932657906435,2.356194490192345,0.027007582498271655
11,10,-1.7320508075688774,2.8797932657906435,2.6179938779914944,0.03279249405634523
11,11,-1.8637033051562728,2.8797932657906435,2.8797932657906435,0.03942881991923157
11,12,-2.0,2.8797932657906435,3.141592653589793,0.04649254285826247
11,13,-2.131652497587396,2.8797932657906435,3.4033920413889427,0.05349028499529471
11,14,-2.249688897773919,2.8797932657906435,3.665191429188092,0.059900167527295045
11,15,-2.3460652149512313,2.8797932657906435,3.926990816987241,0.06522261999292048
11,16,-2.4142135623730954,2.8797932657906435,4.1887902047863905,0.06903147136964619
11,17,-2.4494897427831788,2.8797932657906435,4.4505895925855405,0.07101716285719993
11,18,-2.4494897427831788,2.8797932657906435,4.71238898038469,0.07101716285719993
11,19,-2.4142135623730954,2.8797932657906435,4.974188368183839,0.06903147136964619
11,20,-2.3460652149512318,2.8797932657906435,5.235987755982989,0.06522261999292045
11,21,-2.249688897773919,2.8797932657906435,5.497787143782138,0.059900167527295045
11,22,-2.131652497587396,2.8797932657906435,5.759586531581287,0.05349028499529471
11,23,-2.0,2.8797932657906435,6.021385919380436,0.04649254285826247
12,0,-2.0,3.141592653589793,0.0,0.04649254285826247
12,1,-1.9999999999999998,3.141592653589793,0.2617993877991494,0.04649254285826247
12,2,-2.0,3.141592653589793,0.5235987755982988,0.04649254285826247
12,3,-1.9999999999999998,3.141592653589793,0.7853981633974483,0.04649254285826247
12,4,-2.0,3.141592653589793,1.0471975511965976,0.04649254285826247
12,5,-1.9999999999999998,3.141592653589793,1.3089969389957472,0.04649254285826247
12,6,-1.9999999999999996,3.141592653589793,1.5707963267948966,0.046492542858262445
12,7,-2.0,3.141592653589793,1.832595714594046,0.04649254285826247
12,8,-1.9999999999999998,3.141592653589793,2.0943951023931953,0.04649254285826247
12,9,-1.9999999999999998,3.141592653589793,2.356194490192345,0.04649254285826247
12,10,-2.0,3.141592653589793,2.6179938779914944,0.04649254285826247
12,11,-2.0,3.141592653589793,2.8797932657906435,0.04649254285826247
12,12,-2.0,3.141592653589793,3.141592653589793,0.04649254285826247
12,13,-2.0,3.141592653589793,3.4033920413889427,0.04649254285826247
12,14,-2.0,3.141592653589793,3.665191429188092,0.04649254285826247
12,15,-2.0,3.141592653589793,3.926990816987241,0.04649254285826247
12,16,-2.0,3.141592653589793,4.1887902047863905,0.04649254285826247
12,17,-2.0000000000000004,3.141592653589793,4.4505895925855405,0.0464925428582625
12,18,-2.0000000000000004,3.141592653589793,4.71238898038469,0.0464925428582625
12,19,-2.0,3.141592653589793,4.974188368183839,0.04649254285826247
12,20,-2.0,3.141592653589793,5.235987755982989,0.04649254285826247
12,21,-2.0,3.141592653589793,5.497787143782138,0.04649254285826247
12,22,-2.0,3.141592653589793,5.759586531581287,0.04649254285826247
12,23,-2.0,3.141592653589793,6.021385919380436,0.04649254285826247
13,0,-1.8637033051562732,3.4033920413889427,0.0,0.0394288199192316
13,1,-2.0,3.4033920413889427,0.2617993877991494,0.04649254285826247
13,2,-2.131652497587396,3.4033920413889427,0.5235987755982988,0.05349028499529471
13,3,-2.249688897773919,3.4033920413889427,0.7853981633974483,0.059900167527295045
13,4,-2.3460652149512313,3.4033920413889427,1.0471975511965976,0.06522261999292048
13,5,-2.414213562373096,3.4033920413889427,1.3089969389957472,0.06903147136964591
13,6,-2.449489742783178,3.4033920413889427,1.5707963267948966,0.0710171628571996
13,7,-2.4494897427831783,3.4033920413889427,1.832595714594046,0.07101716285719993
13,8,-2.4142135623730954,3.4033920413889427,2.0943951023931953,0.06903147136964619
13,9,-2.3460652149512313,3.4033920413889427,2.356194490192345,0.06522261999292048
13,10,-2.249688897773919,3.4033920413889427,2.6179938779914944,0.059900167527295045
13,11,-2.131652497587396,3.4033920413889427,2.8797932657906435,0.05349028499529471
13,12,-2.0,3.4033920413889427,3.141592653589793,0.04649254285826247
13,13,-1.8637033051562732,3.4033920413889427,3.4033920413889427,0.0394288199192316
13,14,-1.7320508075688774,3.4033920413889427,3.665191429188092,0.03279249405634523
13,15,-1.6140144073823544,3.4033920413889427,3.926990816987241,0.0270075824982718
13,16,-1.5176380902050417,3.4033920413889427,4.1887902047863905,0.02240517044999101
13,17,-1.449489742783178,3.4033920413889427,4.4505895925855405,0.01921849070677994
13,18,-1.4142135623730951,3.4033920413889427,4.71238898038469,0.017591416465123518
13,19,-1.414213562373095,3.4033920413889427,4.974188368183839,0.017591416465123518
13,20,-1.449489742783178,3.4033920413889427,5.235987755982989,0.01921849070677994
13,21,-1.5176380902050415,3.4033920413889427,5.497787143782138,0.022405170449991123
13,22,-1.6140144073823541,3.4033920413889427,5.759586531581287,0.0270075824982718
13,23,-1.732050807568877,3.4033920413889427,6.021385919380436,0.032792494056344844
14,0,-1.4641016151377553,3.665191429188092,0.0,0.01989695919537538
14,1,-1.7320508075688779,3.665191429188092,0.2617993877991494,0.03279249405634494
14,2,-2.0,3.665191429188092,0.5235987755982988,0.04649254285826247
14,3,-2.249688897773919,3.665191429188092,0.7853981633974483,0.059900167527295045
14,4,-2.4641016151377544,3.665191429188092,1.0471975511965976,0.07184240011453474
14,5,-2.628626279736931,3.665191429188092,1.3089969389957472,0.08123934093859154
14,6,-2.7320508075688767,3.665191429188092,1.5707963267948966,0.08723847363204033
14,7,-2.7673269879789606,3.665191429188092,1.832595714594046,0.08929964309594025
14,8,-2.732050807568877,3.665191429188092,2.0943951023931953,0.08723847363204043
14,9,-2.6286262797369306,3.665191429188092,2.356194490192345,0.08123934093859157
14,10,-2.4641016151377544,3.665191429188092,2.6179938779914944,0.07184240011453474
14,11,-2.249688897773919,3.665191429188092,2.8797932657906435,0.059900167527295045
14,12,-2.0,3.665191429188092,3.141592653589793,0.04649254285826247
14,13,-1.7320508075688774,3.665191429188092,3.4033920413889427,0.03279249405634523
14,14,-1.4641016151377553,3.665191429188092,3.665191429188092,0.01989695919537538
14,15,-1.2144127173638368,3.665191429188092,3.926990816987241,0.008672467341352493
14,16,-1.000000000000001,3.665191429188092,4.1887902047863905,-0.00032207745112016443
14,17,-0.8354753354008246,3.665191429188092,4.4505895925855405,-0.006810268857101342
14,18,-0.7320508075688783,3.665191429188092,4.71238898038469,-0.010704144277769004
14,19,-0.6967746271587951,3.665191429188092,4.974188368183839,-0.011999736876900922
14,20,-0.7320508075688782,3.665191429188092,5.235987755982989,-0.010704144277768984
14,21,-0.8354753354008246,3.665191429188092,5.497787143782138,-0.006810268857101342
14,22,-1.0000000000000004,3.665191429188092,5.759586531581287,-0.0003220774511201843
14,23,-1.2144127173638357,3.665191429188092,6.021385919380436,0.00867246734135234
15,0,-0.8284271247461916,3.926990816987241,0.0,-0.007080156012015957
15,1,-1.2144127173638373,3.926990816987241,0.2617993877991494,0.008672467341352463
15,2,-1.6140144073823552,3.926990816987241,0.5235987755982988,0.02700758249827173
15,3,-2.000000000000001,3.926990816987241,0.7853981633974483,0.046492542858262514
15,4,-2.3460652149512318,3.926990816987241,1.0471975511965976,0.06522261999292045
15,5,-2.628626279736931,3.926990816987241,1.3089969389957472,0.08123934093859154
15,6,-2.82842712474619,3.926990816987241,1.5707963267948966,0.09288674986665646
15,7,-2.931851652578136,3.926990816987241,1.832595714594046,0.09900523794818426
15,8,-2.9318516525781364,3.926990816987241,2.0943951023931953,0.09900523794818418
15,9,-2.82842712474619,3.926990816987241,2.356194490192345,0.09288674986665646
15,10,-2.6286262797369306,3.926990816987241,2.6179938779914944,0.08123934093859157
15,11,-2.3460652149512313,3.926990816987241,2.8797932657906435,0.06522261999292048
15,12,-2.0,3.926990816987241,3.141592653589793,0.04649254285826247
15,13,-1.6140144073823544,3.926990816987241,3.4033920413889427,0.0270075824982718
15,14,-1.2144127173638368,3.926990816987241,3.665191429188092,0.008672467341352493
15,15,-0.8284271247461916,3.926990816987241,3.926990816987241,-0.007080156012015957
15,16,-0.4823619097949603,3.926990816987241,4.1887902047863905,-0.019521901640859422
15,17,-0.19980084500926054,3.926990816987241,4.4505895925855405,-0.02853338760506264
15,18,-1.7763568394002505e-15,3.926990816987241,4.71238898038469,-0.03431629436082999
15,19,0.10342452783194456,3.926990816987241,4.974188368183839,-0.03712811621992423
15,20,0.10342452783194456,3.926990816987241,5.235987755982989,-0.03712811621992423
15,21,-1.8759367644105466e-15,3.926990816987241,5.497787143782138,-0.034316294360829946
15,22,-0.19980084500926076,3.926990816987241,5.759586531581287,-0.02853338760506275
15,23,-0.4823619097949592,3.926990816987241,6.021385919380436,-0.01952190164085937
16,0,-1.7763568394002505e-15,4.1887902047863905,0.0,-0.03431629436082999
16,1,-0.4823619097949601,4.1887902047863905,0.2617993877991494,-0.019521901640859204
16,2,-1.000000000000001,4.1887902047863905,0.5235987755982988,-0.00032207745112016443
16,3,-1.5176380902050426,4.1887902047863905,0.7853981633974483,0.022405170449991116
16,4,-2.000000000000001,4.1887902047863905,1.0471975511965976,0.046492542858262514
16,5,-2.414213562373096,4.1887902047863905,1.3089969389957472,0.06903147136964591
16,6,-2.7320508075688776,4.1887902047863905,1.5707963267948966,0.08723847363204044
16,7,-2.9318516525781373,4.1887902047863905,1.832595714594046,0.09900523794818428
16,8,-3.0,4.1887902047863905,2.0943951023931953,0.10306671935147543
16,9,-2.9318516525781364,4.1887902047863905,2.356194490192345,0.09900523794818418
16,10,-2.7320508075688776,4.1887902047863905,2.6179938779914944,0.08723847363204044
16,11,-2.4142135623730954,4.1887902047863905,2.8797932657906435,0.06903147136964619
16,12,-2.0,4.1887902047863905,3.141592653589793,0.04649254285826247
16,13,-1.5176380902050417,4.1887902047863905,3.4033920413889427,0.02240517044999101
16,14,-1.000000000000001,4.1887902047863905,3.665191429188092,-0.00032207745112016443
16,15,-0.4823619097949603,4.1887902047863905,3.926990816987241,-0.019521901640859422
16,16,-1.7763568394002505e-15,4.1887902047863905,4.1887902047863905,-0.03431629436082999
16,17,0.41421356237309404,4.1887902047863905,4.4505895925855405,-0.04488155214174854
16,18,0.7320508075688756,4.1887902047863905,4.71238898038469,-0.05182735313514801
16,19,0.9318516525781348,4.1887902047863905,4.974188368183839,-0.05574146853203926
16,20,0.9999999999999983,4.1887902047863905,5.235987755982989,-0.057003552739053866
16,21,0.9318516525781348,4.1887902047863905,5.497787143782138,-0.05574146853203926
16,22,0.732050807568876,4.1887902047863905,5.759586531581287,-0.051827353135148045
16,23,0.4142135623730945,4.1887902047863905,6.021385919380436,-0.044881552141748535
17,0,0.9647238195899175,4.4505895925855405,0.0,-0.0563547141245735
17,1,0.41421356237309614,4.4505895925855405,0.2617993877991494,-0.044881552141748604
17,2,-0.19980084500925854,4.4505895925855405,0.5235987755982988,-0.028533387605062802
17,3,-0.8354753354008233,4.4505895925855405,0.7853981633974483,-0.006810268857101555
17,4,-1.4494897427831774,4.4505895925855405,1.0471975511965976,0.01921849070677993
17,5,-1.9999999999999998,4.4505895925855405,1.3089969389957472,0.04649254285826247
17,6,-2.449489742783178,4.4505895925855405,1.5707963267948966,0.0710171628571996
17,7,-2.7673269879789606,4.4505895925855405,1.832595714594046,0.08929964309594025
17,8,-2.9318516525781364,4.4505895925855405,2.0943951023931953,0.09900523794818418
17,9,-2.9318516525781364,4.4505895925855405,2.356194490192345,0.09900523794818418
17,10,-2.7673269879789606,4.4505895925855405,2.6179938779914944,0.08929964309594025
17,11,-2.4494897427831788,4.4505895925855405,2.8797932657906435,0.07101716285719993
17,12,-2.0000000000000004,4.4505895925855405,3.141592653589793,0.0464925428582625
17,13,-1.449489742783178,4.4505895925855405,3.4033920413889427,0.01921849070677994
17,14,-0.8354753354008246,4.4505895925855405,3.665191429188092,-0.006810268857101342
17,15,-0.19980084500926054,4.4505895925855405,3.926990816987241,-0.02853338760506264
17,16,0.41421356237309404,4.4505895925855405,4.1887902047863905,-0.04488155214174854
17,17,0.9647238195899175,4.4505895925855405,4.4505895925855405,-0.0563547141245735
17,18,1.414213562373095,4.4505895925855405,4.71238898038469,-0.0639584737311673
17,19,1.7320508075688772,4.4505895925855405,4.974188368183839,-0.06856333629716468
17,20,1.896575472168054,4.4505895925855405,5.235987755982989,-0.07073255728128147
17,21,1.896575472168054,4.4505895925855405,5.497787143782138,-0.07073255728128147
17,22,1.7320508075688783,4.4505895925855405,5.759586531581287,-0.06856333629716477
17,23,1.414213562373097,4.4505895925855405,6.021385919380436,-0.06395847373116745
18,0,1.9999999999999991,4.71238898038469,0.0,-0.07202842535453705
18,1,1.414213562373095,4.71238898038469,0.2617993877991494,-0.0639584737311673
18,2,0.7320508075688761,4.71238898038469,0.5235987755982988,-0.05182735313514804
18,3,-6.661338147750939e-16,4.71238898038469,0.7853981633974483,-0.03431629436083004
18,4,-0.7320508075688773,4.71238898038469,1.0471975511965976,-0.010704144277769022
18,5,-1.4142135623730958,4.71238898038469,1.3089969389957472,0.017591416465123483
18,6,-2.0000000000000004,4.71238898038469,1.5707963267948966,0.0464925428582625
18,7,-2.4494897427831783,4.71238898038469,1.832595714594046,0.07101716285719993
18,8,-2.732050807568877,4.71238898038469,2.0943951023931953,0.08723847363204043
18,9,-2.8284271247461903,4.71238898038469,2.356194490192345,0.09288674986665646
18,10,-2.7320508075688776,4.71238898038469,2.6179938779914944,0.08723847363204044
18,11,-2.4494897427831788,4.71238898038469,2.8797932657906435,0.07101716285719993
18,12,-2.0000000000000004,4.71238898038469,3.141592653589793,0.0464925428582625
18,13,-1.4142135623730951,4.71238898038469,3.4033920413889427,0.017591416465123518
18,14,-0.7320508075688783,4.71238898038469,3.665191429188092,-0.010704144277769004
18,15,-1.7763568394002505e-15,4.71238898038469,3.926990816987241,-0.03431629436082999
18,16,0.7320508075688756,4.71238898038469,4.1887902047863905,-0.05182735313514801
18,17,1.414213562373095,4.71238898038469,4.4505895925855405,-0.0639584737311673
18,18,1.9999999999999993,4.71238898038469,4.71238898038469,-0.07202842535453705
18,19,2.449489742783177,4.71238898038469,4.974188368183839,-0.07712113129255464
18,20,2.7320508075688767,4.71238898038469,5.235987755982989,-0.07993186078801631
18,21,2.8284271247461894,4.71238898038469,5.497787143782138,-0.08083052394172922
18,22,2.7320508075688767,4.71238898038469,5.759586531581287,-0.07993186078801631
18,23,2.4494897427831788,4.71238898038469,6.021385919380436,-0.07712113129255493
19,0,3.035276180410081,4.974188368183839,0.0,-0.08266560727200979
19,1,2.4494897427831765,4.974188368183839,0.2617993877991494,-0.07712113129255468
19,2,1.7320508075688752,4.974188368183839,0.5235987755982988,-0.06856333629716478
19,3,0.9318516525781348,4.974188368183839,0.7853981633974483,-0.05574146853203926
19,4,0.10342452783194545,4.974188368183839,1.0471975511965976,-0.037128116219924207
19,5,-0.696774627158796,4.974188368183839,1.3089969389957472,-0.011999736876900879
19,6,-1.4142135623730963,4.974188368183839,1.5707963267948966,0.017591416465123726
19,7,-2.000000000000001,4.974188368183839,1.832595714594046,0.046492542858262514
19,8,-2.4142135623730954,4.974188368183839,2.0943951023931953,0.06903147136964619
19,9,-2.628626279736931,4.974188368183839,2.356194490192345,0.08123934093859154
19,10,-2.628626279736931,4.974188368183839,2.6179938779914944,0.08123934093859154
19,11,-2.4142135623730954,4.974188368183839,2.8797932657906435,0.06903147136964619
19,12,-2.0,4.974188368183839,3.141592653589793,0.04649254285826247
19,13,-1.414213562373095,4.974188368183839,3.4033920413889427,0.017591416465123518
19,14,-0.6967746271587951,4.974188368183839,3.665191429188092,-0.011999736876900922
19,15,0.10342452783194456,4.974188368183839,3.926990816987241,-0.03712811621992423
19,16,0.9318516525781348,4.974188368183839,4.1887902047863905,-0.05574146853203926
19,17,1.7320508075688772,4.974188368183839,4.4505895925855405,-0.06856333629716468
19,18,2.449489742783177,4.974188368183839,4.71238898038469,-0.07712113129255464
19,19,3.035276180410081,4.974188368183839,4.974188368183839,-0.08266560727200979
19,20,3.449489742783177,4.974188368183839,5.235987755982989,-0.085997236981351
19,21,3.6639024601470123,4.974188368183839,5.497787143782138,-0.08756412840753551
19,22,3.6639024601470123,4.974188368183839,5.759586531581287,-0.08756412840753551
19,23,3.449489742783178,4.974188368183839,6.021385919380436,-0.08599723698135077
20,0,4.0,5.235987755982989,0.0,-0.08983362114796277
20,1,3.449489742783179,5.235987755982989,0.2617993877991494,-0.08599723698135076
20,2,2.732050807568877,5.235987755982989,0.5235987755982988,-0.07993186078801631
20,3,1.896575472168054,5.235987755982989,0.7853981633974483,-0.07073255728128147
20,4,1.0000000000000013,5.235987755982989,1.0471975511965976,-0.0570035527390541
20,5,0.10342452783194633,5.235987755982989,1.3089969389957472,-0.037128116219924207
20,6,-0.7320508075688767,5.235987755982989,1.5707963267948966,-0.010704144277769004
20,7,-1.4494897427831774,5.235987755982989,1.832595714594046,0.01921849070677993
20,8,-1.9999999999999993,5.235987755982989,2.0943951023931953,0.046492542858262445
20,9,-2.3460652149512313,5.235987755982989,2.356194490192345,0.06522261999292048
20,10,-2.4641016151377544,5.235987755982989,2.6179938779914944,0.07184240011453474
20,11,-2.3460652149512318,5.235987755982989,2.8797932657906435,0.06522261999292045
20,12,-2.0,5.235987755982989,3.141592653589793,0.04649254285826247
20,13,-1.449489742783178,5.235987755982989,3.4033920413889427,0.01921849070677994
20,14,-0.7320508075688782,5.235987755982989,3.665191429188092,-0.010704144277768984
20,15,0.10342452783194456,5.235987755982989,3.926990816987241,-0.03712811621992423
20,16,0.9999999999999983,5.235987755982989,4.1887902047863905,-0.057003552739053866
20,17,1.896575472168054,5.235987755982989,4.4505895925855405,-0.07073255728128147
20,18,2.7320508075688767,5.235987755982989,4.71238898038469,-0.07993186078801631
20,19,3.449489742783177,5.235987755982989,4.974188368183839,-0.085997236981351
20,20,4.0,5.235987755982989,5.235987755982989,-0.08983362114796277
20,21,4.346065214951231,5.235987755982989,5.497787143782138,-0.0919618717900747
20,22,4.464101615137754,5.235987755982989,5.759586531581287,-0.09264473860509452
20,23,4.346065214951233,5.235987755982989,6.021385919380436,-0.09196187179007498
21,0,4.82842712474619,5.497787143782138,0.0,-0.09462964410964969
21,1,4.346065214951231,5.497787143782138,0.2617993877991494,-0.0919618717900747
21,2,3.6639024601470127,5.497787143782138,0.5235987755982988,-0.08756412840753539
21,3,2.8284271247461894,5.497787143782138,0.7853981633974483,-0.08083052394172922
21,4,1.8965754721680537,5.497787143782138,1.0471975511965976,-0.07073255728128129
21,5,0.9318516525781353,5.497787143782138,1.3089969389957472,-0.055741468532039234
21,6,-4.440892098500626e-16,5.497787143782138,1.5707963267948966,-0.034316294360830016
21,7,-0.8354753354008237,5.497787143782138,1.832595714594046,-0.006810268857101474
21,8,-1.5176380902050415,5.497787143782138,2.0943951023931953,0.022405170449991123
21,9,-2.0,5.497787143782138,2.356194490192345,0.04649254285826247
21,10,-2.249688897773919,5.497787143782138,2.6179938779914944,0.059900167527295045
21,11,-2.249688897773919,5.497787143782138,2.8797932657906435,0.059900167527295045
21,12,-2.0,5.497787143782138,3.141592653589793,0.04649254285826247
21,13,-1.5176380902050415,5.497787143782138,3.4033920413889427,0.022405170449991123
21,14,-0.8354753354008246,5.497787143782138,3.665191429188092,-0.006810268857101342
21,15,-1.8759367644105466e-15,5.497787143782138,3.926990816987241,-0.034316294360829946
21,16,0.9318516525781348,5.497787143782138,4.1887902047863905,-0.05574146853203926
21,17,1.896575472168054,5.497787143782138,4.4505895925855405,-0.07073255728128147
21,18,2.8284271247461894,5.497787143782138,4.71238898038469,-0.08083052394172922
21,19,3.6639024601470123,5.497787143782138,4.974188368183839,-0.08756412840753551
21,20,4.346065214951231,5.497787143782138,5.235987755982989,-0.0919618717900747
21,21,4.82842712474619,5.497787143782138,5.497787143782138,-0.09462964410964969
21,22,5.078116022520108,5.497787143782138,5.759586531581287,-0.09589312240638669
21,23,5.078116022520109,5.497787143782138,6.021385919380436,-0.09589312240638669
22,0,5.4641016151377535,5.759586531581287,0.0,-0.09771080625483616
22,1,5.078116022520108,5.759586531581287,0.2617993877991494,-0.09589312240638669
22,2,4.4641016151377535,5.759586531581287,0.5235987755982988,-0.09264473860509442
22,3,3.6639024601470123,5.759586531581287,0.7853981633974483,-0.08756412840753551
22,4,2.7320508075688763,5.759586531581287,1.0471975511965976,-0.0799318607880163
22,5,1.7320508075688752,5.759586531581287,1.3089969389957472,-0.06856333629716478
22,6,0.7320508075688761,5.759586531581287,1.5707963267948966,-0.05182735313514804
22,7,-0.19980084500925988,5.759586531581287,1.832595714594046,-0.02853338760506278
22,8,-1.0000000000000004,5.759586531581287,2.0943951023931953,-0.0003220774511201843
22,9,-1.614014407382355,5.759586531581287,2.356194490192345,0.02700758249827192
22,10,-2.000000000000001,5.759586531581287,2.6179938779914944,0.046492542858262514
22,11,-2.131652497587396,5.759586531581287,2.8797932657906435,0.05349028499529471
22,12,-2.0,5.759586531581287,3.141592653589793,0.04649254285826247
22,13,-1.6140144073823541,5.759586531581287,3.4033920413889427,0.0270075824982718
22,14,-1.0000000000000004,5.759586531581287,3.665191429188092,-0.0003220774511201843
22,15,-0.19980084500926076,5.759586531581287,3.926990816987241,-0.02853338760506275
22,16,0.732050807568876,5.759586531581287,4.1887902047863905,-0.051827353135148045
22,17,1.7320508075688783,5.759586531581287,4.4505895925855405,-0.06856333629716477
22,18,2.7320508075688767,5.759586531581287,4.71238898038469,-0.07993186078801631
22,19,3.6639024601470123,5.759586531581287,4.974188368183839,-0.08756412840753551
22,20,4.464101615137754,5.759586531581287,5.235987755982989,-0.09264473860509452
22,21,5.078116022520108,5.759586531581287,5.497787143782138,-0.09589312240638669
22,22,5.4641016151377535,5.759586531581287,5.759586531581287,-0.09771080625483616
22,23,5.5957541127251496,5.759586531581287,6.021385919380436,-0.09829677950196829
23,0,5.863703305156273,6.021385919380436,0.0,-0.09944112506290632
23,1,5.5957541127251496,6.021385919380436,0.2617993877991494,-0.09829677950196829
23,2,5.078116022520107,6.021385919380436,0.5235987755982988,-0.09589312240638669
23,3,4.3460652149512295,6.021385919380436,0.7853981633974483,-0.09196187179007446
23,4,3.449489742783177,6.021385919380436,1.0471975511965976,-0.085997236981351
23,5,2.4494897427831757,6.021385919380436,1.3089969389957472,-0.07712113129255471
23,6,1.4142135623730934,6.021385919380436,1.5707963267948966,-0.06395847373116725
23,7,0.41421356237309404,6.021385919380436,1.832595714594046,-0.04488155214174854
23,8,-0.4823619097949592,6.021385919380436,2.0943951023931953,-0.01952190164085937
23,9,-1.2144127173638368,6.021385919380436,2.356194490192345,0.008672467341352493
23,10,-1.7320508075688783,6.021385919380436,2.6179938779914944,0.0327924940563453
23,11,-2.0,6.021385919380436,2.8797932657906435,0.04649254285826247
23,12,-2.0,6.021385919380436,3.141592653589793,0.04649254285826247
23,13,-1.732050807568877,6.021385919380436,3.4033920413889427,0.032792494056344844
23,14,-1.2144127173638357,6.021385919380436,3.665191429188092,0.00867246734135234
23,15,-0.4823619097949592,6.021385919380436,3.926990816987241,-0.01952190164085937
23,16,0.4142135623730945,6.021385919380436,4.1887902047863905,-0.044881552141748535
23,17,1.414213562373097,6.021385919380436,4.4505895925855405,-0.06395847373116745
23,18,2.4494897427831788,6.021385919380436,4.71238898038469,-0.07712113129255493
23,19,3.449489742783178,6.021385919380436,4.974188368183839,-0.08599723698135077
23,20,4.346065214951233,6.021385919380436,5.235987755982989,-0.09196187179007498
23,21,5.078116022520109,6.021385919380436,5.497787143782138,-0.09589312240638669
23,22,5.5957541127251496,6.021385919380436,5.759586531581287,-0.09829677950196829
23,23,5.863703305156273,6.021385919380436,6.021385919380436,-0.09944112506290632
